{"segments":[[[0,0],[0,16],[-0.5,16],[-0.5,0]],[[2.5,0],[2.5,16],[3,16],[3,0]],[[0,0],[0.5,-1],[2,-1],[2.5,0],[3,0],[2.5,-1],[2.5,-1.5],[0,-1.5],[0,-1],[-0.5,0]],[[-0.5,16],[-0.5,16.5],[3,16.5],[3,16]]],"gates":[[[0,0.5017500005833335],[2.5000000000000004,0.4992499997499999]],[[0,1.0015250005083336],[2.5,0.9990249996749999]],[[-2.220446049250313e-16,1.476550000516667],[2.5,1.4740499996833334]],[[-2.220446049250313e-16,2.0014500004833335],[2.5000000000000004,1.9989499996499998]],[[0,2.50135000045],[2.5000000000000004,2.4988499996166667]],[[0,2.976400000466667],[2.5,2.9738999996333333]],[[0,3.501475000491667],[2.5000000000000004,3.498974999658333]],[[0,3.9765250005083335],[2.5,3.974024999675]],[[0,4.4766250005416675],[2.5000000000000004,4.474124999708334]],[[0,5.026475000491668],[2.5000000000000004,5.023974999658334]],[[0,5.526350000450001],[2.5000000000000004,5.523849999616667]],[[0,6.001400000466667],[2.5,5.998899999633333]],[[0,6.526300000433334],[2.5,6.5237999996000005]],[[0,7.001400000466667],[2.5,6.998899999633333]],[[0,7.501300000433334],[2.5,7.4987999996]],[[0,7.976325000441667],[2.500000000000001,7.9738249996083335]],[[0,8.501325000441668],[2.500000000000001,8.498824999608333]],[[0,9.051225000408333],[2.5000000000000004,9.048724999575]],[[0,9.501325000441668],[2.500000000000001,9.498824999608333]],[[0,9.976350000450001],[2.5000000000000004,9.973849999616668]],[[-2.220446049250313e-16,10.451450000483334],[2.5000000000000004,10.44894999965]],[[-2.220446049250313e-16,10.976450000483334],[2.5000000000000004,10.973949999650001]],[[0,11.501300000433334],[2.5,11.4987999996]],[[0,12.001400000466667],[2.5,11.998899999633332]],[[0,12.476475000491668],[2.5000000000000004,12.473974999658335]],[[0,12.976325000441669],[2.500000000000001,12.973824999608334]],[[-2.220446049250313e-16,13.501575000525],[2.5000000000000004,13.499074999691667]],[[-2.220446049250313e-16,14.001575000525],[2.5000000000000004,13.999074999691667]],[[0,14.426650000550001],[2.5,14.424149999716667]],[[0,14.976700000566668],[2.5000000000000004,14.974199999733335]],[[0,15.526900000633335],[2.5,15.5243999998]]],"startGate":[[0.011880940263778728,-0.02376188052755726],[2.4868815590143463,-0.026236881971308364]]}
