{"segments":[[[0,0],[0,8.5],[12,8.5],[12,8],[0.5,8],[0.5,0]],[[3,0],[3,5.5],[12,5.5],[12,5],[3.5,5],[3.5,0]],[[0.5,0],[1,-1],[2.5,-1],[3,0],[3.5,0],[3,-1],[3,-1.5],[0.5,-1.5],[0.5,-1],[0,0]],[[12,8.5],[12,5],[12.5,5],[12.5,8.5]]],"gates":[[[0.5,0.5010750003583335],[3,0.4985749995249998]],[[0.5,1.0262000004000003],[3,1.0236999995666667]],[[0.5,1.476250000416667],[3,1.4737499995833332]],[[0.5,2.00135000045],[3,1.9988499996166664]],[[0.5,2.5013750004583337],[3,2.498874999625]],[[0.5,3.0265000005000005],[3,3.023999999666667]],[[0.5,3.476550000516667],[3,3.4740499996833334]],[[0.5,4.051600000533333],[3,4.0490999997]],[[0.5000000000000002,4.781709798764725],[3,4.477724800581306]],[[0.5,5.760703681789694],[3.0000000000000004,4.816841279232989]],[[0.49999999999999933,7.400398834901033],[3.0000000000000004,5.29040065536817]],[[1.654377424845319,7.999999999999998],[3.3275291873939783,5.5]],[[3.185191688004425,8],[3.876538874663717,5.5]],[[4.2194442304289606,8],[4.444540384861789,5.5]],[[4.961529619745694,8],[4.98602122020807,5.5]],[[5.486529619745694,8],[5.511021220208069,5.5]],[[6.012264367759565,8],[6.03675596822194,5.5]],[[6.487509283764188,8],[6.5120008842265635,5.5]],[[7.037509283764189,8],[7.062000884226564,5.5]],[[7.537754199768814,8],[7.562245800231188,5.5]],[[8.012754199768812,8],[8.037245800231188,5.5]],[[8.512999115773436,8],[8.537490716235812,5.5]],[[9.01324403177806,8],[9.037735632240436,5.5]],[[9.48824403177806,8],[9.512735632240435,5.5]],[[9.98824403177806,8],[10.012735632240435,5.5]],[[10.48824403177806,8],[10.512735632240435,5.5]],[[11.01324403177806,8],[11.037735632240436,5.5]],[[11.513488947782685,8],[11.53798054824506,5.5]]],"startGate":[[0.5,0.0013750004583335167],[2.9994377809221326,-0.0011244381557348761]]}
