{"segments":[[[-0.5,0],[-0.5,5],[4.5,5],[4.5,10],[-2,10],[-2,15.499999999999998],[12,15.499999999999998],[12,20.5],[11.499999999999998,20.5],[11.499999999999998,16.5],[11.499999999999998,16],[-2.5,16],[-2.5,9.5],[4,9.5],[4,5.499999999999999],[-1,5.499999999999999],[-1,0]],[[2,0],[2,2.5],[6.999999999999999,2.5],[6.999999999999999,12.5],[0.5,12.5],[0.5,13],[14.499999999999998,13],[14.499999999999998,20.5],[14.999999999999998,20.5],[14.999999999999998,0]],[[-1,0],[-1,-1.5],[2.5,-1.5],[2.5,0],[2,0],[2,-1],[-0.5,-1],[-0.5,0]],[[0.5,13.5],[1,13.5],[1,13],[0.5,13]],[[12,20.5],[14.499999999999998,20.5],[14.499999999999998,20]],[[12,20],[14.499999999999998,20],[12,20.5]]],"gates":[[[-0.5,0.9823914971992727],[2,0.979891496365939]],[[-0.5,2.0103967600802974],[2,2.007896759246964]],[[-0.5,3.5460284456833446],[2.1113322369243663,2.5]],[[0.9061117468655091,5],[2.7281188168287214,2.4999999999999996]],[[3.087123018738688,5.000000000000001],[3.1616358883969466,2.5]],[[3.8827749442509454,5.000000000000001],[3.957287813909204,2.5]],[[4.458898805623471,5.000000000000001],[5.314642092091299,2.499999999999999]],[[4.5,5.4280342802247],[6.999999999999999,3.1407219245381324]],[[4.500000000000001,5.885468363047439],[6.999999999999999,5.163875050511551]],[[4.5,6.5155166977277155],[6.999999999999999,6.463008978866106]],[[4.5,7.402237086280191],[6.999999999999999,7.349729367418581]],[[4.5,8.430102185691847],[6.999999999999999,8.377594466830239]],[[4.5,9.458948573315642],[6.999999999999999,9.406440854454031]],[[4.494539407808313,9.999999999999998],[7,10.717744179321091]],[[3.8009417087141304,10],[5.788897123980748,12.5]],[[3.121020052844521,10],[3.5547866829304224,12.499999999999998]],[[2.1606575392499394,10],[2.1401478961337164,12.5]],[[1.1494162606688034,10],[1.2289338770686882,12.499999999999998]],[[-0.3033303394428375,10],[0.5024428978677515,12.5]],[[-1.605881302386999,10],[0.5000000000000001,12.877399574275277]],[[-2,11.740665861552948],[0.5000000000000001,12.976175651509775]],[[-2,13.151562091691785],[0.5,13.199067808350605]],[[-2.000000000000001,14.591712430827279],[0.5000000000000002,13.349975289851931]],[[-1.3912882799502286,15.499999999999998],[0.7946833856901535,13.5]],[[0.7880652025141861,15.499999999999996],[1.1653824499871495,13]],[[1.9801062553976936,15.499999999999998],[2.054619125055952,12.999999999999998]],[[3.00657882429701,15.499999999999998],[3.081091693955268,12.999999999999998]],[[3.9849377218016375,15.499999999999998],[4.059450591459896,12.999999999999998]],[[5.154358774372679,15.499999999999998],[5.228871644030937,12.999999999999998]],[[6.182223873784336,15.499999999999998],[6.256736743442594,12.999999999999998]],[[7.231819077836184,15.499999999999998],[7.25631067829856,13]],[[8.212505326159237,15.499999999999998],[8.236996926621613,13]],[[9.006764721159154,15.499999999999998],[9.03125632162153,13]],[[10.08135096145316,15.499999999999998],[10.105842561915535,13]],[[11.249837193718115,15.499999999999998],[11.274328794180489,13]],[[11.835324090433307,15.500000000000005],[12.691067376901138,12.999999999999996]],[[12.000000000000014,15.961645172706246],[14.500000000000005,13.851646993173391]],[[12.000000000000002,16.73741774091903],[14.500000000000004,16.015824428383144]],[[12.000000000000002,17.474695167492953],[14.499999999999996,17.47219516665962]],[[12.000000000000002,18.549281407786957],[14.499999999999996,18.546781406953624]],[[12.000000000000002,19.530612250942088],[14.499999999999996,19.528112250108755]]],"startGate":[[-0.5,0.001527865608700227],[2,-0.0009721352246334397]]}
