{"segments":[[[-0.9999999999999999,1.9999999999999998],[-1.9999999999999998,1.5],[-1.9999999999999998,0.49999999999999994],[-1.9999999999999998,0],[-1.5,-0.9999999999999999],[-0.9999999999999999,-1.5],[-0.9999999999999999,-2.4999999999999996],[-1.5,-2.4999999999999996],[-1.9999999999999998,-3.5],[-1.9999999999999998,-3.9999999999999996],[-0.49999999999999994,-3.9999999999999996],[1.5,-3.5],[1.5,-2.4999999999999996],[0.9999999999999999,-1.5],[0.49999999999999994,-0.49999999999999994],[0,0.9999999999999999],[1.5,1.9999999999999998],[0.9999999999999999,2.4999999999999996]],[[7,2.5],[5.500000000000001,1],[6,-0.5],[7.500000000000001,-1.5],[7.500000000000001,-2.5],[5.500000000000001,-3],[5.500000000000001,-4.5],[10.5,-3.5],[8.5,0],[8.5,1.5],[8,1.5],[8,2]],[[-2.9999999999999996,4],[-2.5,3.5],[-1.4999999999999998,2.9999999999999996],[0,3.5],[2,3.5],[4.5,3.5],[7.5,4],[10,2.9999999999999996],[10.5,0.5],[11.5,-2],[12.499999999999998,-4],[11.5,-5],[8.5,-5.999999999999999],[5,-6.5],[0.5,-5.999999999999999],[-2.9999999999999996,-5.5],[-5,-2.9999999999999996],[-4.5,-0.5],[-4,2.5],[-3.5,4],[-2.9999999999999996,4.5],[-4,4.5],[-5.999999999999999,-3.5],[-3.5,-5.999999999999999],[5,-7],[9.5,-6.5],[13,-5],[13.5,-3.5],[11.5,1],[10,4],[7,5],[4.5,4],[0,4],[-1.4999999999999998,3.5],[-2.5,4.5]]],"gates":[[[-4.128276707803511,1.730339753178929],[-2,1.384695548467103]],[[-3.864718671024742,2.9058439869257744],[-1.6327602444327534,1.6836198777836233]],[[-3.417265995193505,4.082734004806495],[-1.2101348227360202,1.894932588631989]],[[-1.4487243901211897,3.017091869959603],[-0.7525504431735028,2.0618623892066235]],[[-0.2916681112953715,3.402777296234877],[0.30957019580226985,2.3273925489505674]],[[0.7164723126773342,3.5],[0.9329700064951023,2.4832425016237747]],[[1.604802767236585,3.5000000000000004],[1.3938522236063462,2.1061477763936534]],[[5.66649928249129,1.1664992824912896],[0.40299416464053506,1.2686627764270226]],[[5.7992929694497155,0.10212109165085528],[0.2634766375829547,0.20957008725113613]],[[5.951779438452606,-0.35533831535781724],[0.9845943990854251,-1.4691887981708507]],[[7.500000000000002,-1.6617789802200158],[1.389277279277,-2.2785545585539997]],[[5.5,-3.010368357211062],[1.5000000000000004,-2.6920696765630523]],[[5.499999999999999,-3.9327323741578604],[1.1527837122506979,-3.586804071937325]],[[1.6904337573607644,-6.132270417484528],[0.6879307632952711,-3.7030173091761824]],[[0.00815231602374624,-5.92973604514625],[-0.1363453615607071,-3.909086340390176]],[[-0.8867791899207067,-5.801888687154185],[-1.0156331570119053,-3.999999999999999]],[[-2.5262636971469146,-5.567676614693299],[-1.9999999999999996,-3.7951525991486244]],[[-4.001857282127065,-4.247678397341167],[-2,-3.5794254819417697]],[[-4.860317429745493,-3.1746032128181305],[-1.893424433564468,-3.2868488671289358]],[[-4.909199828217296,-2.545999141086477],[-1.585864981404792,-2.671729962809583]],[[-4.768094432071692,-1.8404721603584575],[-0.9999999999999998,-1.9830294502833763]],[[-4.5929322258086875,-0.9646611290434361],[-1.4151133139506675,-1.0848866860493318]],[[-4.465435639123567,-0.29261383474140207],[-1.8033358343544874,-0.3933283312910243]],[[-4.397157633755533,0.11705419746679771],[-1.9999999999999996,0.026363185882160772]]],"startGate":[[-4.2786562502804815,0.8280624983171097],[-1.9999999999999998,0.8257838413072768]]}
