{"segments":[[[-29,23.5],[-29,21.5],[28.5,21.5],[28.5,23.5]],[[-29,19],[-29,-22],[28,-22],[28,21],[26,21],[26,-20],[-27.5,-20],[-27.5,19]],[[-29,21],[-27.5,21],[-27.5,19.5],[-29,19.5]],[[-25,19],[-25,-17],[-18,-17],[-5,-5],[5,-5],[18,-17],[24,-17],[5,0],[5,16.5],[2,16.5],[-5,5],[-20,-14],[-24,-14],[-24,19]],[[-17,-19.5],[-4.5,-11],[3,-11],[12,-19]],[[10,17.500000000000004],[10,3.5],[22,-10.5],[25.5,-10.5],[25,20]],[[10,21],[10,18],[15.000000000000002,19.5]],[[-21.5,21],[-22,-10],[1.5,21]],[[-28,19.5],[-28,19],[-27.5,19]],[[-27.5,19.5],[-27.5,19]],[[-27.5,21.5],[-27.5,21],[-28,21],[-28,21.5]],[[-21.5,21.5],[-21,21.5],[-21,21],[-21.5,21]],[[1.5,21.5],[1,21.5],[1,21],[1.5,21]],[[12,-19],[12,-19.999999999999996],[11,-19.999999999999996],[11,-19]],[[-16.999999999999996,-19.5],[-16.999999999999996,-19.999999999999996],[-16.5,-19.999999999999996]],[[25.5,-9.999999999999998],[26,-9.999999999999998],[26,-10.499999999999998],[25.5,-10.499999999999998]],[[9.999999999999998,18],[10.499999999999998,18],[10.499999999999998,17.5],[9.999999999999998,17.5]],[[10.499999999999998,20.999999999999996],[9.999999999999998,20.999999999999996],[9.999999999999998,21.5]]],"gates":[[[-27.500000000000004,12.611855516245173],[-25,12.60935551541184]],[[-27.500000000000004,10.429060457157021],[-25,10.426560456323687]],[[-27.500000000000004,9.001875904766814],[-25,8.999375903933482]],[[-27.500000000000004,7.4822707940760305],[-25,7.479770793242698]],[[-27.500000000000004,5.991947868079856],[-25,5.989447867246522]],[[-27.500000000000004,4.531140916753825],[-25,4.528640915920492]],[[-27.500000000000004,2.9530298841677056],[-25,2.950529883334372]],[[-27.500000000000004,1.4921352616008494],[-25,1.4896352607675158]],[[-27.500000000000004,0.00190000684550011],[-25,-0.0005999939878335602]],[[-27.500000000000004,-1.5177635513391687],[-25,-1.5202635521725023]],[[-27.500000000000004,-3.0372809907891276],[-25,-3.0397809916224614]],[[-27.500000000000004,-4.469331784865504],[-25,-4.471831785698837]],[[-27.500000000000004,-6.047998068643521],[-25,-6.050498069476855]],[[-27.500000000000004,-7.538408665880522],[-25,-7.540908666713856]],[[-27.500000000000004,-8.999712420904565],[-25,-9.0022124217379]],[[-27.500000000000004,-10.460402477242829],[-25,-10.462902478076161]],[[-27.500000000000004,-12.009202101387396],[-25,-12.011702102220731]],[[-27.500000000000004,-13.558060173025849],[-25,-13.560560173859184]],[[-27.500000000000004,-14.990023295861398],[-25,-14.992523296694733]],[[-27.500000000000004,-16.4804338930984],[-25,-16.482933893931733]],[[-25.00297258442812,-19.999999999999996],[-24.967581962453956,-17]],[[-23.5407514781559,-19.999999999999996],[-23.505360856181735,-17]],[[-22.076875008644343,-19.999999999999996],[-21.981453868964483,-17.000000000000004]],[[-20.585534890637543,-19.999999999999996],[-20.490113750957683,-17.000000000000004]],[[-19.03667681899909,-19.999999999999996],[-18.94125567931923,-17.000000000000004]],[[-17.57177187588362,-19.999999999999996],[-17.460511154517445,-16.502010296477636]],[[-15.967865572269861,-18.798148589143484],[-16.06888179337063,-15.21742934772676]],[[-14.484029024804258,-17.789139736866886],[-14.594962373461435,-13.856888344733648]],[[-11.65865642940433,-15.867886371994944],[-13.555270376715757,-12.897172655429927]],[[-10.054828995482763,-14.777283716928281],[-12.108048207876788,-11.561275268809347]],[[-8.623112726809687,-13.803716654230588],[-10.816131459424154,-10.368736731776142]],[[-7.01317859061474,-12.708961441618024],[-9.363398875485899,-9.027752808140828]],[[-5.318284117693485,-11.556433200031568],[-7.834001882284051,-7.61600173749297]],[[-3.5381992735062635,-11.000000000000002],[-6.490456457195355,-6.375805960488021]],[[-2.0025231601102242,-11],[-1.931741916161892,-5.000000000000001]],[[-0.5114230653825941,-11],[-0.4406418214342618,-5]],[[0.950108543398996,-11],[1.0208897873473284,-5.000000000000001]],[[2.470777124072666,-11],[2.5415583680209983,-5.000000000000001]],[[3.92365740573318,-11.821028805096162],[4.004124223038532,-5.000000000000001]],[[5.456783694876143,-13.18380772877879],[5.54736653812017,-5.5052614198032375]],[[6.969597866703106,-14.528531437069425],[7.0595771464000086,-6.90114813513848]],[[8.448636091051803,-15.843232080934934],[8.538025282703757,-8.265869491726548]],[[10.017165106664804,-17.23748009481314],[10.105928506362885,-9.713164775104214]],[[11.460538510298287,-18.52047867582069],[11.548726051052457,-11.044977893279206]],[[12.940735104557975,-19.999999999999996],[13.030243502990395,-12.412532464298828]],[[14.470022403864506,-19.999999999999996],[14.543057136018811,-13.808975817863491]],[[15.93431200260861,-19.999999999999996],[15.991573231513941,-15.146067598320538]],[[17.45498058328228,-19.999999999999996],[17.495860987780716,-16.53464091179757]],[[19.008665137355134,-19.999999999999996],[19.0440557593293,-17]],[[20.471230992372668,-19.999999999999996],[20.506621614346837,-17]],[[21.962675835845616,-19.999999999999996],[21.99806645781978,-17]],[[23.51498139493721,-19.999999999999996],[23.550372016911375,-17]],[[23.96918305285245,-16.97242694202589],[26,-16.933836776235044]],[[22.389881659233357,-15.559367800366644],[26,-15.490767296766135]],[[20.72678736175544,-14.071336060518071],[26,-13.971132962328408]],[[19.002766610008244,-12.528791177375803],[26,-12.395827742647569]],[[17.88909344316158,-11.532346764934044],[21.294188808521593,-9.676553609941859]],[[16.483257885428586,-10.274493897488734],[20.11169554208165,-8.296978132428594]],[[14.950354745575106,-8.902948982882982],[18.822321666872227,-6.792708611350935]],[[13.548374053487025,-7.648545205751553],[17.64307085126025,-5.416915993136957]],[[12.36388801105439,-6.588741904627614],[16.64676174407895,-4.254555368092103]],[[10.764509716647405,-5.157719220158201],[15.301473489543515,-2.685052404467436]],[[9.40312483330893,-3.939638008750099],[14.156369107508375,-1.3490972920931061]],[[8.117249697521428,-2.7891181504139086],[13.07477839002557,-0.08724145502983227]],[[6.739120489895655,-1.5560551751697984],[11.915589821108183,1.2651452087071209]],[[5.045661119347079,-0.04085468573159767],[10.491166963364785,2.9269718760744174]],[[5,4.023473787988386],[9.999999999999998,3.9184583502651655]],[[5,5.534515080474794],[9.999999999999998,5.429499642751574]],[[5,7.00368119375158],[9.999999999999998,6.898665756028359]],[[5,8.611600528502292],[9.999999999999998,8.50658509077907]],[[5,10.106307646714953],[10,10.001292208991734]],[[4.999999999999999,11.487643787411141],[9.999999999999998,11.482643785744473]],[[5,13.007336569342753],[10,13.002336567676085]],[[5,14.468640324366795],[9.999999999999998,14.463640322700128]],[[4.999999999999999,15.988362330045348],[9.999999999999998,15.98336232837868]],[[4.0765156107911835,16.500000000000007],[10.000000000000004,20.90109341363964]],[[2.470529070491187,16.5],[2.629564303290957,21.5]],[[1.973180912041566,16.455940069782574],[-0.06540225319559756,18.935001283018572]],[[1.2289338227903701,15.233248423155608],[-0.9046781475195572,17.827871379867815]],[[0.3689601270437287,13.82043449442898],[-1.8744571402987171,16.548588453222973]],[[-0.5465404939609455,12.316397759921303],[-2.9068529850992655,15.186704572847777]],[[-1.3338839288441162,11.022904974041808],[-3.7947279596813166,14.015465244675708]],[[-2.1353006755902126,9.706291747244649],[-4.698473189680479,12.82329068595341]],[[-3.145007252236728,8.047488085611091],[-5.837103628897109,11.32126755336977]],[[-4.072117086749021,6.524379071769467],[-6.882591003634051,9.942113995206142]],[[-4.942312704497637,5.094771985468169],[-7.863897099244807,8.64762510312387]],[[-6.053623457684995,3.6654102869323397],[-8.960762279720557,7.200696567177136]],[[-7.3585183562536365,2.0125434154120594],[-10.238644194743268,5.514979998423774]],[[-8.458223479579845,0.6195835925321947],[-11.315584023765414,4.094335968649882]],[[-9.620923283076436,-0.8531694918968213],[-12.454214462982042,2.59231283606624]],[[-11.014246050475478,-2.618044997268937],[-13.818693677516244,0.7923615317870789]],[[-12.32168426791012,