{"segments":[[[-5,0.5],[-5,-1.5],[-3.5,-1.5]],[[5,4],[5,2.5],[5.5,3]],[[-3,6],[-3.5,5],[-0.5,5.5]],[[1,-6],[2.5,-5.5],[2.5,-7]]],"gates":[[[-4.120828121784045,-0.6722291709546062],[23.64998750000104,-0.6999999958333336]],[[-4.2898173637953,-0.44691018160626517],[23.79998750000104,-0.4749999958333336]],[[-4.458825369885871,-0.22156617348550522],[23.974987500001042,-0.24999999583333354]],[[-4.815474106571298,0.25396547542839654],[24.14998750000104,0.22500000416666646]],[[-4.928171129404096,0.40422817253879506],[24.29998750000104,0.37500000416666646]]],"startGate":[[-3.9892732054951896,-0.8476357260064136],[23.37498750000104,-0.8749999958333337]]}
