{"segments":[[[-1.5000000000000002,0],[-1.5000000000000002,12.000000000000002],[1.5000000000000002,13.000000000000002],[17,13.000000000000002],[17,33],[16.5,33],[16.5,13.500000000000002],[1,13.500000000000002],[-2,12.500000000000002],[-2,0]],[[1.5000000000000002,0],[1.5000000000000002,9.500000000000002],[2,10.000000000000002],[18.5,10.000000000000002],[18.5,10.500000000000002],[20.000000000000004,12.000000000000002],[20.000000000000004,33],[20.5,33],[20.5,11.500000000000002],[19.5,10.500000000000002],[19.5,9.500000000000002],[2.5000000000000004,9.500000000000002],[2,9],[2,0]],[[1.5000000000000002,10.500000000000002],[2,10.500000000000002],[2,10.000000000000002],[1.5000000000000002,9.500000000000002]],[[2,10.500000000000002],[5.000000000000001,10.500000000000002],[5.500000000000001,10.000000000000002]],[[2,10.500000000000002],[2,10.000000000000002],[5.500000000000001,10.000000000000002]],[[-2,0],[-2,-1],[2,-1],[2,0],[1.5000000000000002,0],[1.5000000000000002,-0.5],[-1.5000000000000002,-0.5],[-1.5000000000000002,0]]],"gates":[[[-1.5000000000000002,0.9738264170658356],[1.5000000000000004,0.9708264160658352]],[[-1.5000000000000004,1.4784159513780206],[1.5000000000000004,1.4754159503780202]],[[-1.5000000000000004,2.0190656073387068],[1.5000000000000004,2.016065606338706]],[[-1.5000000000000004,2.4875229717832967],[1.5000000000000002,2.4845229707832965]],[[-1.5000000000000004,2.955908288008793],[1.5000000000000004,2.9529082870087926]],[[-1.5000000000000007,3.4603897499923373],[1.5000000000000004,3.4573897489923366]],[[-1.5000000000000007,3.9647271155376935],[1.5000000000000004,3.961727114537693]],[[-1.5000000000000004,4.469208577521237],[1.5000000000000004,4.466208576521237]],[[-1.5000000000000004,4.967972231998203],[1.5000000000000004,4.964972230998203]],[[-1.5000000000000002,5.488312697218966],[1.5000000000000004,5.4853126962189656]],[[-1.5,5.965408929258783],[1.5000000000000004,5.962408928258782]],[[-1.5000000000000002,6.4859228919625505],[1.5000000000000004,6.48292289096255]],[[-1.5000000000000004,7.028167407183669],[1.5000000000000004,7.025167406183669]],[[-1.5000000000000004,7.50524195203811],[1.5000000000000004,7.50224195103811]],[[-1.5000000000000004,7.982489994375558],[1.5000000000000004,7.979489993375558]],[[-1.5000000000000004,8.502982269893948],[1.5000000000000004,8.499982268893948]],[[-1.5000000000000004,8.980100189119142],[1.5000000000000004,8.977100188119142]],[[-1.5000000000000007,9.500635839008286],[1.5000000000000004,9.497635838008284]],[[-1.5000000000000004,10.229032944511655],[1.5000000000000002,9.803207250332012]],[[-1.5000000000000007,11.004943918795405],[1.4999999999999996,10.267613372491763]],[[-1.4999999999999996,11.902700239910342],[1.8084700850929847,10.500000000000002]],[[-0.2964699049875146,12.4011766983375],[2.2516850538869555,10.500000000000004]],[[0.561564134265758,12.687188044755255],[2.5181149617328353,10.500000000000004]],[[1.3154871250114373,12.938495708337147],[2.678828975682004,10.5]],[[2.3331982149345185,13.000000000000002],[3.0245454015938114,10.5]],[[3.0308995603792814,13.000000000000004],[3.3064987392509053,10.500000000000004]],[[3.724153824421337,13.000000000000004],[3.748645424883712,10.500000000000004]],[[4.2129406911452225,13.000000000000002],[4.187430622799846,10.500000000000002]],[[4.690058610370416,13.000000000000002],[4.66454854202504,10.500000000000002]],[[5.123802173302409,13.000000000000002],[5.097299260641466,10.402700739358536]],[[5.492041608677213,13.000000000000002],[5.46181912535147,10.038180874648534]],[[6.015410739458644,13.000000000000002],[5.984798657444192,10.000000000000002]],[[6.492528658683836,13.000000000000002],[6.461916576669385,10.000000000000002]],[[6.990669866379543,13.000000000000002],[6.960057784365091,10.000000000000002]],[[7.522364165872172,13.000000000000002],[7.49175208385772,10.000000000000002]],[[7.975257272045743,13.000000000000002],[7.9446451900312915,10.000000000000002]],[[8.52201175651856,13.000000000000002],[8.491399674504109,10.000000000000002]],[[9.006138870014446,13.000000000000002],[8.975526787999994,10.000000000000002]],[[9.537116994493807,13.000000000000002],[9.506504912479356,10.000000000000002]],[[10.020925395325097,13.000000000000002],[9.990313313310645,10.000000000000002]],[[10.504893152488684,13.000000000000002],[10.474281070474232,10.000000000000002]],[[11.004637269645729,13.000000000000002],[10.974025187631277,10.000000000000002]],[[11.535456037792793,13.000000000000002],[11.504843955778341,10.000000000000002]],[[12.019742507620975,13.000000000000002],[11.989130425606524,10.000000000000002]],[[12.519805337442618,13.000000000000002],[12.489193255428166,10.000000000000002]],[[13.035007101928521,13.000000000000002],[13.00439501991407,10.000000000000002]],[[13.550368222746725,13.000000000000002],[13.519756140732273,10.000000000000002]],[[14.03449533624261,13.000000000000002],[14.003883254228159,10.000000000000002]],[[14.549856457060814,13.000000000000002],[14.519244375046362,10.000000000000002]],[[15.018207210563244,13.000000000000002],[14.987595128548792,10.000000000000002]],[[15.549025978710306,13.000000000000002],[15.518413896695854,10.000000000000002]],[[16.017536088545036,13.000000000000002],[15.986924006530584,10.000000000000002]],[[16.370187028461707,13.000000000000004],[16.700906043107658,10]],[[16.61552159249183,13.000000000000005],[17.575830435506944,9.999999999999996]],[[16.930507133061358,12.999999999999998],[18.499999999999993,10.192779185636237]],[[16.999999999999996,13.247732936795495],[19.346403289576315,11.34640328957633]],[[17,13.532420701426846],[20,12.04233613225643]],[[17.000000000000004,13.836745835937496],[20.000000000000004,12.905449002142758]],[[16.999999999999996,14.142336469153062],[19.999999999999996,13.716510774973418]],[[17,14.427749403231964],[20,14.30468043585793]],[[17,14.806003961378565],[20,14.803003960378565]],[[17,15.305654376482408],[20,15.302654375482408]],[[17,15.883452277927509],[20,15.880452276927508]],[[17,16.430000555041428],[20,16.427000554041427]],[[17,16.976486364119875],[20,16.973486363119875]],[[17,17.491800633911478],[20,17.488800632911477]],[[17,17.99148228303305],[20,17.98848228203305]],[[17,18.47559377952007],[20,18.47259377852007]],[[17,18.975337896677118],[20,18.972337895677118]],[[17,19.475097630843027],[20,19.472097629843027]],[[17,19.9904743686701],[20,19.9874743676701]],[[17,20.505804255470565],[20,20.502804254470565]],[[17,20.989931368966452],[20,20.986931367966452]],[[17,21.489659869114632],[20,21.486659868114632]],[[17,21.989403986271675],[20,21.986403985271675]],[[17,22.48914810342872],[20,22.48614810242872]],[[17,23.020173078934683],[20,23.017173077934682]],[[17,23.504268958412833],[20,23.501268957412833]],[[17,23.988364837890988],[20,23.985364836890987]],[[17,24.488171423083504],[20,24.485171422083504]],[[17,25.019227632607194],[20,25.016227631607194]],[[17,25.50330789507648],[20,25.50030789407648]],[[17,26.00298954419806],[20,25.99998954319806]],[[17,26.487069806667346],[20,26.484069805667346]],[[17,27.00252462953875],[20,26.99952462853875]],[[17,27.502268746695794],[20,27.499268745695794]],[[17,28.001966012826237],[20,27.998966011826237]],[[17,28.50171012998328],[20,28.49871012898328]],[[17,29.001407396113727],[20,28.998407395113727]],[[17,29.501135896261903],[20,29.498135895261903]],[[17,29.985325477793257],[20,29.982325476793257]],[[17,30.500733449638062],[20,30.497733448638062]],[[17,31.016219506527197],[20,31.013219505527196]],[[17,31.484776467388528],[20,31.481776466388528]],[[17,32.00023129025993],[20,31.997231289259933]],[[17,32.50010034348791],[20,32.49710034248791]],[[17,32.984243073992666],[20,32.98124307299266]]],"startGate":[[-1.5000000000000004,0.4339332674056363],[1.5000000000000004,0.4309332664056359]]}
