{"segments":[[[0,0],[0,5],[2,7],[9,7],[11,9],[11,13.499999999999998],[9,15.499999999999998],[1.5,15.499999999999998],[-0.5,13.499999999999998],[-6.5,13.499999999999998],[-6.5,22.5],[1.5,22.5],[1.5,22.999999999999996],[-7,22.999999999999996],[-7,13],[-7,0]],[[2.5,0],[2.5,3.5],[2.5,4],[3.5,5],[10.5,5],[13.499999999999998,5],[13.499999999999998,18],[-0.5,18],[-2.5,16],[-4,16],[-4,20],[1.5,20],[14,20],[14,0]],[[1.5,22.5],[1.5,20],[1,20],[1,22.5]],[[0,0],[0,-1],[2.5,-1],[2.5,0],[2,-0.5],[0.5,-0.5],[0,0]]],"gates":[[[0,0.764105818442337],[2.5,0.7616058176090034]],[[0,0.981975651998922],[2.5,0.9794756511655883]],[[0,1.2361571244816048],[2.5,1.233657123648271]],[[0,1.5266502358903848],[2.5,1.524150235057051]],[[0,1.7808317083730674],[2.5,1.7783317075397336]],[[0,2.0712521964797874],[2.5,2.0687521956464536]],[[0,2.289049406734313],[2.5,2.286549405900979]],[[0,2.543230879216995],[2.5,2.5407308783836613]],[[0,2.870035629551873],[2.5,2.867535628718539]],[[0,3.1968403798867504],[2.5,3.1943403790534166]],[[0,3.4873334912955305],[2.5,3.4848334904621967]],[[0,3.7778266027043106],[2.5,3.775326601870977]],[[0,3.9956601246098655],[2.5000000000000004,3.9931601237765317]],[[0,4.459781615337658],[2.5918845962007557,4.091884596200755]],[[2.220446049250313e-16,4.656802238820651],[2.7644158115084037,4.264415811508402]],[[-2.220446049250313e-16,4.9734257637259445],[2.885501060908931,4.38550106090893]],[[0.20137408661617218,5.201374086616172],[3.1089513317241213,4.60895133172412]],[[0.37063980057966317,5.370639800579663],[3.278217045687612,4.778217045687612]],[[0.3715321783622274,5.371532178362227],[3.4364867140933173,4.936486714093316]],[[0.71054631474829,5.71054631474829],[3.472775385680664,4.972775385680663]],[[1.1788105407030771,6.178810540703077],[3.5521198784932717,5.000000000000002]],[[1.4812733264827296,6.48127332648273],[3.7372532423926588,5.000000000000001]],[[1.7915398908617568,6.791539890861756],[3.9142193180762286,4.999999999999999]],[[2.2645449794080603,7],[4.053646590637849,5.000000000000001]],[[2.9458435203424056,7],[4.227205997884981,5.000000000000001]],[[3.5870042032269005,7.000000000000001],[4.362261936828355,5]],[[4.1189196611931305,7],[4.503136939944327,4.999999999999999]],[[4.532240121733502,7],[4.631915176165107,5]],[[4.7864215942161845,7],[4.886096648647789,5]],[[5.14953798347716,7],[5.249213037908764,5]],[[5.403719455959842,7],[5.503394510391447,5]],[[5.73052420629472,7],[5.830199260726324,5]],[[6.057328956629598,7],[6.157004011061202,5]],[[6.46037634940313,7],[6.560051403834734,5]],[[6.932427655442397,7],[7.032102709874001,5]],[[7.404478961481664,7],[7.504154015913269,5]],[[7.769405033035869,7],[7.869080087467474,5]],[[8.20514470014904,7],[8.304819754580643,5]],[[8.459326172631723,7],[8.559001227063327,5]],[[8.713507645114406,7],[8.81318269954601,5]],[[9.03839869923129,7.038398699231293],[9.139987449880886,5]],[[9.11877325667086,7.118773256670857],[9.43855313396141,5.000000000000001]],[[9.180232269408332,7.180232269408335],[9.783151247696036,4.999999999999998]],[[9.23960088670709,7.239600886707085],[10.212459051160238,4.999999999999997]],[[9.328846669520367,7.328846669520368],[10.75602216404387,4.999999999999997]],[[9.427895323621096,7.427895323621097],[11.430893795046405,5.000000000000001]],[[9.523079741189344,7.523079741189342],[12.172381128638728,4.999999999999993]],[[9.622358330153368,7.622358330153369],[12.606248690400239,4.999999999999995]],[[9.767604885857759,7.767604885857758],[12.916766251383322,4.999999999999991]],[[9.912851441562148,7.912851441562148],[13.227283812366377,5.000000000000009]],[[10.013835428045844,8.013835428045844],[13.500000000000004,5.623700578928991]],[[10.120500875855802,8.120500875855798],[13.5,6.269881591400417]],[[10.216135230859262,8.216135230859262],[13.5,6.976328634590262]],[[10.40125969668099,8.401259696680993],[13.5,7.639661069781218]],[[10.575654039938186,8.575654039938195],[13.500000000000002,7.856917505167119]],[[10.661543068634687,8.66154306863468],[13.500000000000002,8.316403738584762]],[[10.850974481916584,8.85097448191658],[13.500000000000002,8.528868874995613]],[[10.943997772563835,8.943997772563842],[13.500000000000002,8.839142920985076]],[[10.999999999999998,9.08253663669088],[13.5,9.03002891782927]],[[10.999999999999998,9.30116912677872],[13.5,9.24866140791711]],[[10.999999999999998,9.667336142164713],[13.5,9.614828423303104]],[[10.999999999999998,10.030452531425688],[13.5,9.977944812564079]],[[10.999999999999998,10.42988055961276],[13.5,10.377372840751152]],[[10.999999999999998,10.829308587799833],[13.5,10.776800868938224]],[[10.999999999999998,11.3013598938391],[13.5,11.248852174977491]],[[10.999999999999998,11.701550578557429],[13.5,11.649042859695818]],[[10.999999999999998,12.10250391980701],[13.5,12.0499962009454]],[[10.999999999999998,12.574555225846277],[13.5,12.522047506984666]],[[10.999999999999998,12.865048337255057],[13.5,12.812540618393447]],[[10.999999999999998,13.046606531885546],[13.5,12.994098813023935]],[[10.999999999999998,13.155541448663838],[13.5,13.103033729802227]],[[10.999999999999998,13.337099643294325],[13.5,13.284591924432714]],[[10.999999999999998,13.466745697296108],[13.500000000000004,13.564295159889369]],[[10.922698214082764,13.577301785917243],[13.500000000000005,14.09706405874817]],[[10.801363080730551,13.698636919269436],[13.500000000000002,14.47172069753485]],[[10.687539445531783,13.812460554468208],[13.5,14.932533245585345]],[[10.610049158068694,13.889950841931297],[13.500000000000007,15.390819268975866]],[[10.518793386999628,13.981206613000365],[13.5,15.846122296899575]],[[10.399166648933939,14.100833351066056],[13.500000000000005,16.309868323668148]],[[10.314313072379575,14.185686927620422],[13.500000000000005,16.86351282017269]],[[10.282981596280443,14.21701840371955],[13.500000000000007,17.393131946455515]],[[10.101655732619314,14.398344267380681],[13.500000000000004,17.75347808881835]],[[9.95688303200974,14.543116967990247],[13.061709165337122,18.000000000000007]],[[9.849046388864481,14.650953611135513],[12.404511859691173,17.999999999999993]],[[9.680346533581393,14.819653466418591],[11.818049563489385,18]],[[9.565617589777627,14.934382410222364],[11.287634633569457,18]],[[9.435273328793606,15.064726671206374],[10.717308364017397,18.000000000000007]],[[9.27579215072034,15.224207849279654],[10.488170825242365,18]],[[9.102076350278189,15.3979236497218],[10.238581428922757,18.000000000000004]],[[8.941837249604998,15.499999999999991],[9.74761048691559,18.000000000000007]],[[8.79338658529291,15.499999999999998],[9.330939332981778,18.000000000000004]],[[8.642335208457917,15.5],[8.973747156454662,18]],[[8.534736550812585,15.499999999999998],[8.61425416721247,18]],[[8.280555078329902,15.499999999999998],[8.360072694729787,18]],[[8.142785576601304,15.499999999999996],[8.122275933485081,18.000000000000004]],[[7.9249157430447195,15.499999999999996],[7.904406099928496,18.000000000000004]],[[7.670734270562037,15.499999999999996],[7.650224627445814,18.000000000000004]],[[7.343929520227159,15.499999999999996],[7.323419877110936,18.000000000000004]],[[6.980813130966184,15.499999999999996],[6.960303487849961,18.000000000000004]],[[6.545073463853014,15.499999999999996],[6.524563820736791,18.000000000000004]],[[6.073022157813746,15.499999999999996],[6.052512514697523,18.000000000000004]],[[5.673594129626673,15.499999999999996],[5.65308448651045,18.000000000000004]],[[5.274166101439601,15.499999999999996],[5.253656458323378,18.000000000000004]],[[4.947063455602588,15.499999999999996],[4.926553812486365,18.000000000000004]],[[4.583351275337341,15.499999999999996],[4.562841632221118,18.000000000000004]],[[4.256546525002463,15.499999999999996],[4.23603688188624,18.000000000000004]],[[3.857118496815391,15.499999999999996],[3.836608853699168,18.000000000000004]],[[3.4213788297022205,15.499999999999996],[3.4008691865859975,18.000000000000004]],[[2.9856391625890506,15.499999999999996],[2.9651295194728275,18.000000000000004]],[[2.731457690106368,15.499999999999996],[2.710948046990145,