{"segments":[[[-2,0.5],[-2,-0.5],[-1.5,-0.5],[-1.5,0.5]],[[1.5,0.5],[1.5,-0.5],[2,-0.5],[2,0.5]],[[-2,0.5],[-2,6],[-2,9.5],[2,9.5],[2,0.5],[1.5,0.5],[1.5,9],[-1.5,9],[-1.5,0.5]],[[-0.5,4.5],[-0.5,5],[0.5,5],[0.5,4.5]],[[-0.5,7.5],[-0.5,7],[0.5,7],[0.5,7.5]]],"gates":[[[-1.4999999999999998,0.7008500002833336],[1.5,0.6978499992833331]],[[-1.5,1.4260000003333335],[1.5,1.422999999333333]],[[-1.5,2.2010500003500004],[1.5,2.19804999935]],[[-1.5,3.0761500003833335],[1.5,3.0731499993833333]],[[-1.5,3.9761500003833334],[1.5,3.9731499993833332]],[[-1.5,4.750650000216667],[-0.5,4.749649999883333]],[[0.49999999999999994,4.75045000015],[1.5,4.749449999816666]],[[-1.5,5.426800000600001],[1.5,5.423799999600001]],[[-1.4999999999999998,6.051475000491668],[1.5,6.048474999491667]],[[-1.5,6.751300000433334],[1.5,6.748299999433333]],[[-1.5,7.275625000208334],[-0.5,7.274624999875]],[[0.5,7.300275000091667],[1.5,7.299274999758334]],[[-1.5,7.8761250003750005],[1.5,7.873124999374999]],[[-1.5,8.401125000375],[1.5,8.398124999375]]],"startGate":[[-1.5,-0.02412499970833322],[1.5,-0.027125000708333617]]}
